entry_time,exit_time,direction,entry,exit,pnl,signal_type,entry_rsi,entry_adx,entry_bb_width,entry_bb_pos,entry_ma5,entry_ma20,entry_ma60,entry_mom_10,entry_mom_20,entry_rvol_20,entry_macd_flip_20,entry_diff_15m,entry_dea_15m,entry_ma_aligned_bull,entry_ma_aligned_bear,entry_above_ma20,entry_above_ma60,contract
2021-08-16 21:40:00,2021-08-16 22:05:00,-1,8332.0,8389.0,-57.0,2S,49.504950495049506,52.07985843984164,1.2051998076389148,0.5825590091095478,8356.8,8341.7,8381.566666666668,0.4088504088504141,-0.47675804529201393,0.22729232724804904,2.0,8.038518181576364,26.082307416079765,0,0,1,1,P2201
2021-08-18 14:15:00,2021-08-18 14:55:00,-1,8174.0,8163.428571428572,10.571428571428442,2S,65.88235294117646,44.64451287304452,1.8069551837947055,0.6305549885434891,8173.6,8138.8,8254.733333333334,0.7409236848604506,0.22113022113021685,0.2639683782374269,1.0,-66.75626894552806,-63.97549263742166,0,0,1,0,P2201
2021-08-25 09:25:00,2021-08-25 10:10:00,1,8230.0,8205.0,-25.0,3B,41.111111111111114,48.52341917963645,1.2751394051017175,0.235170352526698,8226.8,8261.9,8173.733333333334,-0.6035731530661503,-0.12130033964095066,0.27002767070343925,1.0,52.41527902793223,43.96523570554685,0,0,0,1,P2201
2021-08-26 11:25:00,2021-08-26 13:35:00,-1,8310.0,8308.285714285714,1.714285714286234,2S,39.285714285714285,21.350116822878043,0.7197475246372791,0.1260450787367851,8311.6,8322.4,8345.933333333332,-0.07223693715386892,-0.40796736261099475,0.14761500263109054,2.0,15.547430669188543,27.188692617432988,0,1,0,0,P2201
2021-08-26 21:40:00,2021-08-26 22:00:00,-1,8254.0,8297.0,-43.0,2S,39.55223880597015,20.177079984532487,1.4487010822962758,0.2698977095796027,8272.0,8279.6,8310.033333333333,0.07276255154013977,-0.7457300938176536,0.3005851747071034,3.0,-4.200990446663127,0.7998910343074294,0,1,1,1,P2201
2021-08-27 09:55:00,2021-08-27 10:40:00,-1,8236.0,8242.285714285714,-6.285714285713766,2S,50.0,38.947573694119555,2.3199599177221324,0.5188630621813904,8250.4,8226.4,8270.366666666667,1.2798424809254305,-0.9388541165141984,0.3733437114323734,2.0,-25.882523108180976,-14.147650227832212,0,0,1,0,P2201
2021-08-30 09:00:00,2021-08-30 09:45:00,1,8318.0,8364.57142857143,46.57142857142935,2B,75.0,32.11477719673601,1.2744639988107436,1.2084582420804608,8283.6,8273.3,8276.766666666666,0.4572803850782181,1.0164569215876051,0.3126502909018639,3.0,1.0088402492056048,1.7655336716210244,0,0,1,1,P2201
2021-08-30 15:00:00,2021-08-30 21:25:00,-1,8208.0,8223.0,-15.0,2S,41.66666666666667,31.295831999040853,0.9365700472578543,0.3479818948979902,8209.2,8217.7,8275.366666666667,0.09758477677481725,-0.5092143549951467,0.15796586515441974,3.0,-22.370731809931385,-12.462118411452643,0,1,1,0,P2201
2021-09-08 14:00:00,2021-09-08 21:10:00,1,8446.0,8535.42857142857,89.42857142857065,2B,47.11538461538462,27.311880717507723,1.0262705830272951,0.4722537546161582,8432.0,8428.4,8382.466666666667,-0.2131691141639025,0.309523809523804,0.2114601919181865,1.0,19.597720832924097,14.846534185638573,1,0,1,1,P2201
2021-09-23 10:30:00,2021-09-23 21:20:00,1,8390.0,8631.714285714286,241.71428571428623,2B,60.91954022988505,11.93745281665068,0.9451989862972693,0.6033797506524958,8388.8,8391.8,8385.466666666667,-0.2612206126810679,0.2625925041776167,0.21686336024334812,2.0,20.888380300566496,22.00093557281237,0,0,1,1,P2201
2021-09-23 21:50:00,2021-09-23 22:15:00,1,8612.0,8589.0,-23.0,3B,51.89873417721518,27.767905134595196,1.0386371189809813,0.2946359637684245,8608.0,8626.4,8512.166666666666,-0.6922011998154121,0.11630611770179211,0.1896702223146596,1.0,72.56539856944073,63.58759355465781,0,0,0,1,P2201
2021-09-30 11:05:00,2021-09-30 13:40:00,1,8836.0,8805.0,-31.0,3B,49.33333333333333,22.85695793676078,0.713252777286012,0.36215332026283104,8831.6,8848.7,8745.733333333334,-0.45045045045044585,-0.1129943502824804,0.15127601505337107,1.0,65.63456019202931,59.27068579479565,0,0,0,1,P2201
2021-10-08 11:10:00,2021-10-08 11:25:00,1,9332.0,9279.0,-53.0,3B,34.42622950819671,39.33018208610357,1.9074898623472354,0.17841598043757986,9311.6,9357.4,9044.9,-0.8317338451695466,-0.556030795551754,0.3710362179380456,1.0,166.00382709778205,135.20984094465408,0,0,0,1,P2201
2021-10-12 11:15:00,2021-10-12 11:20:00,-1,9358.0,9385.0,-27.0,2S,67.85714285714286,22.06455062450981,1.327755701770474,0.6665746088525948,9365.2,9359.3,9436.266666666666,0.08536064874093974,-0.0852151682999569,0.3085777614284156,1.0,-24.398396168562613,-13.300150744606055,0,0,1,0,P2201
2021-10-12 22:10:00,2021-10-12 22:40:00,-1,9364.0,9296.285714285714,67.71428571428623,2S,48.14814814814815,18.44769533985647,1.003667002012987,0.17477866031308095,9366.0,9374.6,9373.4,-0.4898828541001099,-0.2774813233724638,0.2524613086024127,6.0,-16.54108430985434,-15.599973644030488,0,0,0,0,P2201
2021-10-15 14:35:00,2021-10-15 21:15:00,1,9420.0,9375.0,-45.0,2B,58.62068965517241,43.14324836782219,1.692024047092784,0.7910997727040243,9402.4,9379.8,9326.4,0.2979357310066044,1.6609145815358106,0.2110835209995772,3.0,20.201938544350924,9.688953602796966,1,0,0,1,P2201
2021-10-15 22:40:00,2021-10-18 09:20:00,1,9430.0,9552.285714285714,122.28571428571377,2B,60.869565217391305,12.808616072064961,1.342527193070333,0.6353448891096733,9407.6,9410.9,9375.3,-0.10595465140920135,0.12744265080713024,0.2647098899910735,2.0,28.900926466194505,24.42540599916688,0,0,1,1,P2201
2021-10-18 10:05:00,2021-10-18 11:20:00,1,9450.0,9459.714285714286,9.714285714286234,2B,39.25925925925927,31.265930513431424,3.0531276709454347,0.33588182892298335,9426.8,9499.6,9436.8,-1.562174546969386,0.46768707482993666,0.5200630308234774,2.0,44.11073541264159,40.487745551204995,0,0,0,1,P2201
2021-10-18 14:55:00,2021-10-18 22:10:00,1,9574.0,9604.57142857143,30.57142857142935,2B,54.54545454545455,31.422349504550713,1.4894024736693505,0.5722799102395194,9562.4,9567.7,9510.133333333333,-0.18757815756564877,1.204564666103125,0.31510476753705785,2.0,45.61722347655996,38.21662767683392,0,0,0,1,P2201
2021-10-19 14:35:00,2021-10-19 21:00:00,1,9714.0,9679.0,-35.0,2B,64.48598130841123,30.25471896638445,2.0456028863041644,0.7192530344292952,9705.6,9676.6,9626.533333333333,0.16488046166529546,1.2710981454469694,0.2156800642626013,1.0,38.24458094766487,33.70781318260376,1,0,1,1,P2201
2021-10-26 10:15:00,2021-10-26 11:20:00,1,9710.0,9737.714285714286,27.714285714286234,3B,46.78899082568807,40.836554971764606,1.161812413983845,0.6478314283141619,9698.0,9723.3,9640.8,0.08220304151254076,0.37098103874690924,0.21097468665484406,1.0,45.82400633020734,43.213059640011636,0,0,1,1,P2201
2021-10-26 22:55:00,2021-10-27 09:15:00,-1,9678.0,9638.57142857143,39.42857142857065,2S,56.310679611650485,15.194573501928604,1.1264068414724038,0.24563267420654794,9677.2,9667.7,9694.6,-0.20703933747412417,-0.6595218466611708,0.23719096778691112,2.0,3.5332695076049276,11.467300122845996,0,0,0,0,P2201
2021-10-28 11:30:00,2021-10-28 13:50:00,-1,9334.0,9383.0,-49.0,2S,53.33333333333333,60.20572429036493,1.708673524771396,0.3973729879958109,9352.8,9352.4,9460.133333333333,0.2577319587628857,-1.2899133009092845,0.31888242712891024,1.0,-65.96678029310169,-55.730163683716825,0,0,1,0,P2201
2021-10-29 14:45:00,2021-10-29 14:50:00,1,9726.0,9695.0,-31.0,3B,47.142857142857146,31.877422835998487,1.0207314650456007,0.4112197916342486,9718.4,9710.8,9618.766666666666,-0.3492193919474085,0.4139929621196359,0.15274893212145482,1.0,60.353033019451686,49.12557749088627,1,0,0,1,P2201
2021-11-05 09:20:00,2021-11-05 10:40:00,-1,9404.0,9473.0,-69.0,2S,32.30769230769231,42.78493619651475,2.291582929216026,0.029070207112033165,9417.2,9470.2,9571.633333333333,-0.615319329514108,-2.314911366006256,0.3276818216376285,3.0,-65.22237475720067,-58.492813873929364,0,1,0,0,P2201
2021-11-10 13:50:00,2021-11-10 21:05:00,1,9072.0,9236.57142857143,164.57142857142935,3B,44.166666666666664,34.88447263848713,1.205546681408791,0.3524314540060401,9068.4,9106.2,9032.4,-0.2852128126371256,0.11013215859030367,0.28065330195848887,2.0,25.021333913546187,14.26642317513549,0,0,1,1,P2201
2021-11-11 09:20:00,2021-11-11 10:15:00,1,9342.0,9374.285714285714,32.285714285713766,3B,50.0,23.05802707290523,0.9785482249352967,0.5622570421866738,9330.4,9356.3,9246.733333333334,-0.06404782237403595,-0.021358393848780466,0.3011819887510753,1.0,74.15355979698143,73.28420268442011,0,0,1,1,P2201
2021-11-16 21:10:00,2021-11-16 23:00:00,-1,9504.0,9553.0,-49.0,2S,44.6969696969697,53.92265304526687,1.4641858668390433,0.18842847385073958,9499.2,9513.4,9568.8,-0.3787081843046547,-1.4568158168574374,0.27146590202125936,1.0,-3.826498014082972,16.980490616916242,0,1,1,0,P2201
2021-11-19 14:15:00,2021-11-19 21:00:00,1,9882.0,9880.0,-2.0,3B,55.421686746987945,43.51682849937084,0.6690936663167852,0.8785227075604691,9880.0,9871.0,9830.1,0.20251113811260435,0.671414038657181,0.13665321490524368,1.0,35.62385183839979,35.48876430627328,1,0,0,0,P2201
2021-11-25 09:25:00,2021-11-25 11:20:00,1,9650.0,9675.42857142857,25.42857142857065,2B,60.36866359447005,58.0165104881371,2.646287783628059,0.573549482075495,9649.2,9659.2,9598.666666666666,-0.4730563554092959,1.0229645093945638,0.4127884853524804,2.0,22.90494930078421,6.105874582569647,0,0,1,1,P2201
2021-11-30 14:40:00,2021-11-30 15:00:00,-1,9116.0,9151.0,-35.0,2S,33.050847457627114,60.4022036369359,2.243837328376185,0.2620043500964393,9122.8,9156.9,9264.633333333333,-0.2191060473269113,-1.6839378238341918,0.2724363048267668,2.0,-83.1215492734591,-73.36630007108349,0,1,0,0,P2201
2021-12-02 13:50:00,2021-12-02 13:55:00,-1,9090.0,9119.0,-29.0,2S,51.23456790123458,41.213943111759036,1.733540041807994,0.7321025340282173,9090.8,9071.5,9144.5,1.177516107531651,-0.3937007874015741,0.3040232139432417,2.0,-39.75565308291334,-27.535097100099826,0,0,1,0,P2201
2021-12-03 23:00:00,2021-12-06 09:05:00,1,9570.0,9547.0,-23.0,3B,57.74647887323944,30.248709701625096,0.5132901015660193,0.9686640363428543,9568.8,9561.0,9443.066666666668,0.2091175240485077,0.419111483654655,0.15539791183731358,1.0,88.60062990117513,84.92179403183289,1,0,0,1,P2201
2021-12-07 13:30:00,2021-12-07 14:35:00,1,9678.0,9595.0,-83.0,3B,72.22222222222223,42.62117281939893,1.3364334342200173,1.2289159309309892,9646.4,9608.4,9561.7,0.8733624454148492,1.358127872962811,0.24452025459720506,5.0,30.359094649793406,25.462031999884175,1,0,0,1,P2201
2021-12-08 11:00:00,2021-12-08 11:20:00,-1,9492.0,9535.0,-43.0,2S,59.166666666666664,30.962141169810042,1.2679570539658367,0.6155639978611602,9501.2,9486.1,9555.433333333332,0.6569188387370195,0.0,0.2511754635798097,1.0,-25.929454413861095,-15.820909114130732,0,0,1,0,P2201
2021-12-08 22:10:00,2021-12-08 22:30:00,-1,9340.0,9365.0,-25.0,2S,50.0,17.338896353465977,0.7228794929525523,0.5651716168177787,9346.4,9339.6,9420.566666666668,-0.10690613641223257,0.06425358749195809,0.22054447437477223,1.0,-59.05371149321036,-50.71469185977894,0,0,1,0,P2201
2021-12-09 22:05:00,2021-12-09 22:15:00,-1,9192.0,9239.0,-47.0,2S,39.2156862745098,45.90763188929331,1.6227340005646473,0.4186186041381609,9215.6,9238.2,9342.2,0.1737242128121652,-0.5604656175900002,0.23429139553553824,1.0,-48.81580279164882,-34.81616759778869,0,1,0,0,P2201
2021-12-16 21:15:00,2021-12-17 09:00:00,1,7828.0,7962.0,134.0,3B,54.6875,44.167590307792864,0.7472287006584479,0.7791040759835389,7820.4,7815.7,7763.533333333334,0.025542784163468113,0.8498583569405138,0.15936106009859596,1.0,32.10395322576642,27.476480889452624,1,0,1,1,P2205
2021-12-17 09:35:00,2021-12-17 11:10:00,1,7988.0,7957.0,-31.0,3B,50.0,42.257813656993925,0.63048756892625,0.8581200915908448,7976.8,7972.0,7864.366666666667,0.17552657973922692,0.9093205354887557,0.20712138569081948,1.0,62.089727171766754,53.07324985839503,1,0,0,1,P2205
2021-12-22 11:00:00,2021-12-22 14:35:00,1,8000.0,8020.0,20.0,2B,37.5,29.59503590400858,1.0816679220035226,0.4331059992942436,8001.6,8015.8,7973.7,-0.09977550511349742,0.47666833918715845,0.23997750610265048,1.0,34.17592797744055,35.857556135690835,0,0,1,1,P2205
2021-12-22 22:15:00,2021-12-22 22:45:00,1,8084.0,8144.0,60.0,3B,63.63636363636363,35.89533917982616,1.7925166231034784,0.6843632413130377,8084.8,8079.3,8044.2,-0.4176904176904195,0.8710801393728262,0.2611778211873701,2.0,33.07959546850725,32.06324523536949,1,0,1,1,P2205
2021-12-27 21:05:00,2021-12-27 21:10:00,-1,8342.0,8355.0,-13.0,2S,40.909090909090914,26.270654103145173,0.4551421987898015,-0.17642427852252204,8340.4,8347.7,8361.133333333333,-0.3830500359109368,-0.2397506593143084,0.13530591800794362,0.0,7.573607450322015,14.04034738673502,0,1,1,0,P2205
2021-12-28 15:00:00,2021-12-28 21:25:00,1,8466.0,8493.714285714286,27.714285714286234,2B,49.107142857142854,32.8775940377001,1.6641135421996789,0.6821316264299435,8462.4,8446.4,8400.5,0.37914691943128354,1.3639626704953445,0.2692935615709876,3.0,23.455235557903507,16.49269525340943,1,0,1,1,P2205
2021-12-29 14:30:00,2021-12-29 21:00:00,-1,8328.0,8346.0,-18.0,2S,56.33802816901408,47.45749725617202,0.4853952154431294,0.37629537174663935,8328.4,8327.0,8400.3,0.0,-0.19189254017749624,0.15465067770547322,1.0,-27.768767262366964,-17.19738935062841,0,0,1,0,P2205
2022-01-05 10:05:00,2022-01-05 10:10:00,1,8842.0,8825.0,-17.0,3B,59.48275862068966,50.91355755076347,2.059421927076579,0.5049452403883704,8838.4,8837.1,8749.866666666667,-0.8303411131059257,1.0981468771448233,0.2980961678971102,2.0,64.10807145478611,55.100336580889596,1,0,0,1,P2205
2022-01-11 09:55:00,2022-01-11 11:00:00,-1,8810.0,8833.0,-23.0,2S,32.83582089552239,52.430707069621825,1.1352939087834404,0.18384020143689736,8815.2,8831.7,8886.366666666667,-0.06813536225300787,-0.945520036019809,0.14821534534702058,2.0,-9.626206876137076,4.266745487409323,0,1,1,0,P2205
2022-01-14 21:50:00,2022-01-14 22:15:00,1,9004.0,8979.0,-25.0,3B,39.583333333333336,42.868620402979914,1.9713425387056833,0.48760588691295337,8999.6,9004.2,8944.633333333333,-0.4203539823008806,0.7836990595611271,0.26053960824162614,1.0,15.79199240613707,3.5824130892782464,0,0,0,1,P2205
2022-01-18 10:35:00,2022-01-18 11:10:00,1,9158.0,9137.0,-21.0,3B,65.07936507936508,10.698452664227819,0.6656305073011722,0.7463113434858665,9157.2,9149.0,9101.733333333334,0.087374399300999,0.15300546448087093,0.15726737620185716,0.0,41.20106141776523,39.80737773296886,1,0,0,1,P2205
2022-01-19 10:45:00,2022-01-19 11:10:00,1,9380.0,9351.0,-29.0,3B,53.78151260504202,55.155225041457065,1.735357464740848,0.6145430653477914,9374.4,9357.4,9243.5,-0.08525149190110604,1.559792027729645,0.26504897512159564,2.0,65.25350821079701,51.76081691715384,1,0,0,1,P2205
2022-01-25 09:25:00,2022-01-25 10:35:00,-1,9408.0,9433.0,-25.0,2S,66.66666666666666,41.776858650535125,1.2486365719228811,0.7641341494446967,9411.6,9369.1,9463.233333333334,0.4058961760307733,0.12782275244993535,0.1995860491839753,1.0,-49.43611435465027,-37.90113971781473,0,0,1,0,P2205
2022-01-26 21:00:00,2022-01-27 09:05:00,1,9600.0,9714.0,114.0,2B,69.23076923076923,46.684410870753105,1.0392675569519636,0.7496856805808998,9566.8,9557.2,9497.3,0.0,0.7782919646613484,0.14144816633469146,2.0,34.92469453472404,27.344077150939984,1,0,1,1,P2205
2022-02-07 13:35:00,2022-02-07 14:00:00,1,10246.0,10193.0,-53.0,3B,25.373134328358205,46.58777445165287,2.72059598280339,0.3168468862597758,10226.0,10295.3,10089.7,-0.678689160364554,-0.9858882659965151,0.23376158069306863,1.0,119.8372338690915,119.3449961433582,0,0,0,1,P2205
2022-02-08 14:20:00,2022-02-08 14:25:00,-1,9968.0,9985.0,-17.0,2S,51.92307692307693,45.180419553861576,0.6283787433876988,0.5685967578992528,9971.2,9975.7,10092.633333333333,-0.020036064916850727,-0.5183413078149957,0.22090189269822116,1.0,-49.44253263081737,-29.041177399928028,0,1,1,0,P2205
2022-02-08 21:50:00,2022-02-09 09:00:00,-1,9870.0,9788.57142857143,81.42857142857065,2S,29.22077922077922,35.87721027472533,2.774307314920771,0.2741329933577667,9877.2,9926.2,10011.066666666668,0.12180267965895553,-1.0830324909747335,0.39120867450051683,1.0,-60.89131048427953,-48.46248605168384,0,1,0,0,P2205
2022-02-10 09:45:00,2022-02-10 13:35:00,1,9990.0,10062.0,72.0,2B,44.93670886075949,52.90448202921628,1.4720000011664676,0.43396921843520336,9978.4,9979.7,9906.266666666666,-0.4393848611943252,0.6257569640694349,0.28045776596189903,2.0,35.55457987924092,24.141523998659324,0,0,1,1,P2205
2022-02-11 10:35:00,2022-02-11 10:45:00,-1,9860.0,9895.0,-35.0,2S,42.4,34.78000353273352,2.2443990881752742,0.47968703700535675,9870.4,9870.5,9933.6,0.7351439656932746,-1.3399999999999967,0.43073319399940324,2.0,-26.987453022204136,-13.924671786046678,0,1,1,0,P2205
2022-02-11 22:05:00,2022-02-14 09:10:00,1,10016.0,10146.0,130.0,2B,66.02564102564102,47.32069623402866,1.8644320197751665,0.6963967758531601,10012.4,9995.4,9928.233333333334,-0.3971405877680745,1.0882708585247869,0.26871427180578955,2.0,20.44546909197925,5.019264254389124,1,0,1,1,P2205
2022-02-24 14:20:00,2022-02-24 21:30:00,1,11470.0,11721.142857142857,251.14285714285688,3B,66.24203821656052,69.55502095775252,4.403915093500366,0.663791307654406,11463.6,11368.0,11285.633333333333,-0.5212858384013863,2.2138903767184415,0.5882394496578713,1.0,88.22406286090154,70.41823413503386,1,0,1,1,P2205
2022-02-25 14:05:00,2022-02-25 14:50:00,-1,11304.0,11292.285714285714,11.714285714286234,2S,54.72972972972973,41.94939884617002,1.6704603765143382,0.2989077538632843,11345.6,11342.1,11464.466666666667,-0.38773352132533967,-1.6530363668000647,0.30103763986099347,2.0,-22.805723889168803,2.2199195642545533,0,0,0,0,P2205
2022-03-01 23:00:00,2022-03-02 09:05:00,1,12450.0,12486.285714285714,36.285714285713766,3B,83.06451612903226,34.02907667231362,1.7086514351211062,1.0363254542848517,12432.0,12374.6,12071.033333333333,0.9865760957463943,0.9865760957463943,0.353923229720287,1.0,223.26335602446125,208.2210262852785,1,0,1,1,P2205
2022-03-03 10:50:00,2022-03-03 11:00:00,1,12730.0,12673.0,-57.0,3B,76.84729064039409,68.82838320008653,3.167094159753387,0.6995883988185486,12714.4,12640.1,12422.466666666667,0.12594458438286438,2.2836925056288093,0.3358812784775656,1.0,104.13832688395269,64.96199972460899,1,0,1,1,P2205
2022-03-07 22:55:00,2022-03-08 09:00:00,-1,11544.0,11660.0,-116.0,2S,59.036144578313255,39.59072193959292,2.2384035865008025,0.6048428331150443,11557.6,11505.0,11755.3,0.8747375787263811,-1.012875536480684,0.5321537088002125,1.0,-137.560589503757,-100.34356969516506,0,0,1,0,P2205
2022-03-10 10:30:00,2022-03-10 10:45:00,-1,12104.0,12215.0,-111.0,2S,50.95785440613027,43.574518993126716,4.684463440885158,0.45033987488517163,12138.0,12122.2,12331.0,1.0528074866310133,-2.4834704079987113,0.8471571752748073,2.0,-22.203378625332334,26.745397152423347,0,0,1,0,P2205
2022-03-11 11:30:00,2022-03-11 13:55:00,-1,12190.0,12347.0,-157.0,2S,31.048387096774192,47.37357279659352,2.146289072972235,-0.01599128999925875,12269.6,12316.4,12454.033333333333,-0.4739336492891044,-2.0742884708152443,0.39248632559590696,2.0,-15.418739608719989,17.16240417732796,0,1,0,0,P2205
2022-03-11 22:55:00,2022-03-14 09:55:00,-1,12112.0,11864.285714285714,247.71428571428623,2S,42.94478527607362,29.000393338991323,1.271941463816394,0.3758881709301142,12114.0,12099.1,12222.166666666666,-0.34647747896386916,0.23232658479921398,0.26225076874125897,1.0,-73.0620684698606,-56.33738285356663,0,0,0,0,P2205
2022-03-17 21:30:00,2022-03-17 21:40:00,-1,11014.0,11153.0,-139.0,2S,51.7970401691332,40.00282181173457,4.035426091740764,0.6044170790427155,11085.2,11035.5,11160.266666666666,1.8753447324875827,-0.7522837184309461,0.9132219248684762,1.0,-71.60757162478694,-71.67365126719785,0,0,1,0,P2205
2022-03-18 10:40:00,2022-03-18 10:45:00,1,11338.0,11269.0,-69.0,3B,64.36363636363636,41.11214605029801,3.1284155196443133,0.6811172562452572,11312.4,11242.3,11132.533333333333,-0.38766519823788537,1.599568655643413,0.5445208874467182,0.0,14.205096913348825,-16.296224189872305,1,0,1,1,P2205
2022-03-18 22:15:00,2022-03-18 22:20:00,-1,10578.0,10607.0,-29.0,2S,39.31623931623932,65.81308565148883,6.9599851546445395,0.36775086816120367,10585.2,10690.4,11016.4,-0.33872788859615754,-4.45607071982681,0.9143754010495286,4.0,-148.24462421691896,-86.49751998863265,0,1,0,0,P2205
2022-03-23 14:50:00,2022-03-23 21:10:00,1,11462.0,11600.285714285714,138.28571428571377,3B,68.08510638297872,62.73040788468656,1.193438526250976,0.904492479307991,11462.4,11434.8,11328.233333333334,0.2792808518065959,0.8425487098472795,0.2029426423094782,3.0,77.3093740099157,70.3820247142393,1,0,1,1,P2205
2022-03-24 09:55:00,2022-03-24 10:05:00,1,11900.0,11835.0,-65.0,3B,42.512077294685994,46.74043524152222,2.1052399363193657,0.3508555169457602,11872.8,11911.4,11694.633333333333,-1.0170056685561812,0.3380091262464191,0.3463847031986897,2.0,167.49675229808236,154.58258599057604,0,0,0,1,P2205
2022-04-01 10:35:00,2022-04-01 11:30:00,-1,11346.0,11096.857142857143,249.14285714285688,2S,62.280701754385966,53.135955695705995,1.3107328941535143,0.61658928067324,11348.0,11320.7,11405.333333333334,0.371813031161472,-0.47401685393257953,0.25906223505861414,1.0,-34.05147498832048,-22.850324957692237,0,0,0,0,P2205
2022-04-07 14:25:00,2022-04-07 21:00:00,-1,11472.0,11503.0,-31.0,2S,36.53846153846153,25.261033824660167,1.473106222425938,0.4309218298164038,11480.8,11497.7,11551.4,0.3144104803493475,-0.3988900450919153,0.19233209303475682,2.0,-8.715655019201222,10.192535564394934,0,1,0,0,P2205
2022-04-12 13:55:00,2022-04-12 21:05:00,1,11936.0,11972.57142857143,36.57142857142935,3B,52.136752136752136,33.075718506985076,0.81337350441035,0.7587789548303757,11926.8,11924.9,11779.933333333332,0.3358522250209939,0.6400538992757276,0.23348271961888895,1.0,83.57975168098528,68.98798356677658,1,0,1,1,P2205
2022-04-13 22:15:00,2022-04-14 09:05:00,1,12174.0,12296.0,122.0,2B,48.484848484848484,57.69708041001654,1.5233002013399988,0.6680221133327645,12164.8,12150.9,12099.866666666667,-0.0328245527654647,0.8777740973832326,0.2103778686890572,2.0,47.19399425454321,46.916619307086606,1,0,1,1,P2205
2023-08-24 10:10:00,2023-08-24 10:40:00,1,7722.0,7720.285714285715,-1.7142857142853245,3B,58.00000000000001,77.39687550764334,1.4065748017717428,0.7342585080483401,7718.8,7708.6,7622.1,0.02586652871183759,1.4428121720881482,0.17438877753031365,1.0,35.876393691828525,19.015538393135195,1,0,1,1,P2401
2023-08-28 09:55:00,2023-08-28 10:00:00,1,7814.0,7791.0,-23.0,3B,44.444444444444436,12.291417174615926,1.3956745414103764,0.276905392042559,7808.8,7836.4,7791.6,-0.91324200913242,-0.3062787136294043,0.3177254558880784,3.0,38.30156741614519,36.69819914466251,0,0,0,0,P2401
2023-08-28 21:35:00,2023-08-28 21:45:00,-1,7698.0,7725.0,-27.0,2S,45.45454545454546,47.146086667400944,0.7832794123001703,0.1854235651986099,7701.6,7711.0,7771.733333333334,-0.46583850931677384,-0.4915912031047909,0.18679132838850926,1.0,-18.413123815029394,-7.765006161825887,0,1,1,0,P2401
2023-08-30 09:55:00,2023-08-30 10:40:00,1,7830.0,7815.0,-15.0,2B,52.94117647058823,31.705621878723548,0.5936681686110167,0.6566683852373549,7834.4,7848.7,7826.866666666667,-0.07631645891630345,-0.1271294177472626,0.15335116586963196,1.0,17.920788901569722,15.132011833485903,0,0,0,0,P2401
2023-08-31 14:00:00,2023-08-31 14:25:00,1,7958.0,7929.0,-29.0,3B,54.6875,35.15166225716865,0.5150274218210724,0.676006422801178,7952.8,7942.8,7897.666666666667,0.2522068095838659,0.2522068095838659,0.15871369622315848,1.0,28.580293229410927,23.37138460310799,1,0,0,1,P2401
2023-09-07 22:50:00,2023-09-08 09:20:00,-1,7526.0,7543.0,-17.0,2S,35.135135135135144,46.98616646856765,1.2190919867987113,0.19237906170252062,7528.0,7546.3,7587.633333333333,-0.21237058667374908,-0.7655755015839483,0.18482336411804995,3.0,-34.786235414007024,-31.49684277303685,0,1,0,0,P2401
2023-09-14 22:20:00,2023-09-15 09:15:00,1,7508.0,7541.428571428572,33.42857142857156,2B,64.91228070175438,42.303022975994345,0.8472892710287758,0.8763974823902028,7504.4,7494.1,7480.766666666666,0.29348986125934395,0.6425702811244882,0.16475126955649125,3.0,17.12989452371312,14.917243218429226,1,0,1,1,P2401
2023-09-18 10:35:00,2023-09-18 13:35:00,-1,7354.0,7327.142857142857,26.857142857143117,2S,43.75,43.69683571253206,0.8979455119019484,0.3742114155478461,7350.8,7348.3,7403.866666666667,0.3554826360404606,-0.43407487791644606,0.233064964879543,4.0,-36.84878224691329,-33.82710761539476,0,0,0,0,P2401
2023-09-21 13:45:00,2023-09-21 21:00:00,-1,7222.0,7184.0,38.0,2S,34.21052631578948,31.526672559159522,0.4098250720066615,-0.13122309643730706,7223.6,7228.7,7273.6,-0.4418668876001064,-0.4693539480949749,0.10919800206002402,1.0,-22.280213067085242,-18.974441282776624,0,1,0,0,P2401
2023-09-25 09:30:00,2023-09-25 09:45:00,1,7296.0,7267.0,-29.0,2B,58.53658536585366,31.66880411840194,0.9479964783742112,0.6665295730849592,7289.2,7284.5,7253.666666666667,-0.24610336341263084,0.5512679162072764,0.23254770912215916,4.0,14.467830791742017,11.499672936911438,1,0,0,0,P2401
2023-10-09 11:30:00,2023-10-09 13:35:00,-1,7150.0,7169.0,-19.0,2S,52.0,22.92064795302681,0.589167054584081,0.357727454244534,7155.2,7158.0,7296.933333333333,-0.30666294954000417,-0.30666294954000417,0.1699779690095371,1.0,-61.57507603612521,-43.12566931303655,0,1,1,0,P2401
2023-10-10 10:15:00,2023-10-10 11:20:00,-1,6988.0,7021.0,-33.0,2S,29.310344827586206,77.06036637807642,2.515303834529324,0.25411767430463755,6995.2,7033.5,7117.566666666667,-0.22837567799028902,-1.7982579376229268,0.18796003752709103,0.0,-58.81062488090265,-48.63585969863818,0,1,0,0,P2401
2023-10-13 14:00:00,2023-10-13 21:05:00,1,7252.0,7292.0,40.0,3B,56.666666666666664,36.913711639944275,0.6993295195774234,0.7607507058566729,7250.4,7238.8,7185.666666666667,0.27654867256636795,0.526753534793456,0.14899478139185188,1.0,34.19638887600195,29.9618063687581,1,0,1,1,P2401
2023-10-20 09:45:00,2023-10-20 10:40:00,-1,7236.0,7221.428571428572,14.571428571428442,2S,44.26229508196722,30.013524509375884,1.2124900213983774,0.18714257497275572,7237.2,7249.5,7311.733333333334,-0.16588332872545797,-0.8783969256107582,0.17989335892445074,3.0,-31.925966001082088,-24.50560888813853,0,1,0,0,P2401
2023-10-26 22:00:00,2023-10-26 22:10:00,1,7258.0,7245.0,-13.0,3B,54.54545454545455,58.14523346018765,0.5326699521471089,0.544030595819196,7254.4,7248.3,7168.7,0.1104667219000266,0.41551246537396835,0.14641632350481643,1.0,49.33639679975295,41.90617135037763,1,0,1,1,P2401
2023-10-27 21:50:00,2023-10-27 22:05:00,1,7286.0,7271.0,-15.0,3B,60.317460317460316,67.44143003223414,1.0417668452866398,0.6412930023744139,7280.4,7269.3,7211.333333333333,-0.3285870755750264,0.4969630038652584,0.19192172373362207,1.0,27.410546271775274,18.636236054699577,1,0,1,1,P2401
2023-10-30 21:50:00,2023-10-31 10:10:00,-1,7232.0,7120.857142857143,111.14285714285688,2S,30.0,35.07114733434637,0.7288640164588294,0.03424845146376122,7233.6,7246.6,7262.9,-0.1934770591487056,-0.6329113924050667,0.11868952467475857,1.0,-3.2458050628620185,2.538985097985586,0,1,0,0,P2401
2023-11-10 10:50:00,2023-11-10 10:55:00,1,7356.0,7329.0,-27.0,3B,48.484848484848484,37.84243073344835,1.2241580461562491,0.505558951924391,7344.4,7347.5,7301.733333333334,-0.43360433604335835,0.9063444108761365,0.1895611833512405,2.0,10.573104348552079,1.8199987044288,0,0,0,1,P2401
2023-11-10 14:50:00,2023-11-10 22:05:00,1,7384.0,7411.714285714285,27.714285714285325,2B,40.243902439024396,40.02959446992221,1.4315115707286972,0.6511630596255646,7385.6,7394.0,7350.066666666667,0.08103727714747766,0.9261781530917945,0.29071271147438094,2.0,21.204483534528663,16.097164454343105,0,0,1,1,P2401
2023-11-15 10:05:00,2023-11-15 11:20:00,1,7588.0,7603.428571428572,15.428571428571558,3B,47.27272727272727,19.97360574469467,0.41362951164790934,0.3948762845306618,7585.2,7589.3,7539.6,-0.026357406431209984,0.3439153439153353,0.1476820380105124,0.0,41.232022299446726,41.21784520757127,0,0,1,1,P2401
2023-11-17 11:15:00,2023-11-17 11:20:00,-1,7480.0,7495.0,-15.0,2S,77.55102040816327,55.0208356382473,1.1713295403079271,0.8230790684104149,7484.8,7451.8,7527.066666666667,0.5376344086021501,0.5376344086021501,0.11209556172750575,1.0,-39.41169036654992,-35.25786978049666,0,0,1,0,P2401
2023-11-29 13:50:00,2023-11-29 14:40:00,-1,7308.0,7280.0,28.0,2S,51.66666666666666,50.021389911159396,0.8000929756198266,0.36652335782316614,7306.0,7303.8,7336.233333333334,-0.05479452054794054,-0.6806425265450611,0.17579767196995338,1.0,-21.424900258688467,-14.839367007260439,0,0,0,0,P2401
2023-12-06 10:55:00,2023-12-06 13:35:00,-1,6932.0,6951.0,-19.0,2S,44.827586206896555,67.35965541861206,1.7788444270863635,0.3462045867614185,6934.8,6945.0,7046.266666666666,0.31865585168018296,-1.5073947667804344,0.19835268491917077,1.0,-56.05733841770052,-42.095739337692095,0,1,0,0,P2401
2023-12-07 10:10:00,2023-12-07 10:40:00,-1,6808.0,6833.0,-25.0,2S,47.05882352941176,66.28245655284061,2.2864381657488537,0.3069737861619304,6814.8,6820.1,6894.0,0.11795930404010502,-1.4227642276422814,0.29896464259810857,1.0,-50.67784651563579,-41.43553343822764,0,1,1,0,P2401
2023-12-08 11:15:00,2023-12-08 21:00:00,1,7030.0,7072.0,42.0,3B,60.6060606060606,17.31720372569873,0.7322932515728481,0.6671162743446245,7029.2,7027.4,6984.833333333333,-0.056818181818185653,0.3708987161198385,0.10718614962738865,2.0,34.515134143562136,31.478536607326184,1,0,1,1,P2401
2023-12-12 10:15:00,2023-12-12 10:30:00,1,7110.0,7091.0,-19.0,2B,34.09090909090909,26.726589626370735,0.7731081544702576,0.2962221215844059,7104.8,7109.2,7095.7,-0.36496350364964014,0.0,0.16607862964788844,3.0,12.207252995406634,12.595587317188809,0,0,0,0,P2401
2023-12-07 10:10:00,2023-12-07 10:40:00,-1,6928.0,6955.0,-27.0,2S,40.54054054054054,75.66975658521072,2.861929426500915,0.25282954342398123,6934.4,6955.2,7036.4,-0.14459224985541308,-1.9312695257029278,0.32476464635351915,1.0,-48.41414493943739,-34.23489043275029,0,1,1,0,P2405
2023-12-07 23:00:00,2023-12-08 09:15:00,1,7106.0,7122.0,16.0,3B,67.5,20.67287288028797,0.544386392897127,0.9066355025447744,7102.0,7092.3,7029.966666666666,0.31047135196160536,0.2821670428893919,0.1336309845750016,1.0,19.736958843728644,8.557018507133513,1,0,1,1,P2405
2023-12-12 10:15:00,2023-12-12 10:30:00,1,7218.0,7199.0,-19.0,2B,39.53488372093023,39.96149696943035,0.9908974296837512,0.4174621423831858,7213.6,7213.9,7192.666666666667,-0.33185840707964376,0.27824151363382565,0.177783319528777,4.0,15.393293963186807,13.560646844284795,0,0,0,1,P2405
2023-12-13 14:25:00,2023-12-13 21:05:00,-1,7076.0,7091.0,-15.0,2S,30.30303030303031,56.03890389957469,0.8756719938963551,0.23104111246214998,7082.0,7090.7,7121.633333333333,-0.11296243998870636,-0.8132361189007287,0.13043474989870626,2.0,-22.675015155005894,-18.23480742982178,0,1,1,0,P2405
2023-12-22 10:10:00,2023-12-22 10:35:00,-1,7008.0,7031.0,-23.0,2S,55.0,41.12515081308506,1.7765887536609424,0.5890665409004148,7016.8,7014.9,7081.933333333333,0.5150214592274605,-0.5097706032285432,0.23805613782171478,2.0,-43.88619684479909,-33.97172636810267,0,0,1,0,P2405
2023-12-25 22:00:00,2023-12-25 23:00:00,1,7162.0,7139.0,-23.0,3B,58.82352941176471,38.6330227266733,0.9361322443481481,0.7034030849055051,7152.4,7142.4,7103.566666666667,0.19602352282273028,0.3928170594837299,0.1879257827076398,5.0,14.33847053568661,10.497806096728056,1,0,1,1,P2405
2023-12-28 22:15:00,2023-12-28 22:20:00,-1,7198.0,7205.0,-7.0,2S,58.064516129032256,43.27928743842781,0.9023986574966059,0.4553962266896545,7200.0,7204.9,7227.9,0.16689847009736525,-0.33213396069747825,0.1523413524673646,1.0,-11.33695390070261,-6.902977087936504,0,1,1,0,P2405
2023-12-29 13:45:00,2024-01-02 09:00:00,-1,7112.0,7103.428571428572,8.571428571428442,2S,49.18032786885246,25.393320153641675,0.7205662534002135,0.5155993642159828,7118.0,7117.2,7161.3,0.14068655036578726,-0.08422234699606568,0.16701120904556693,3.0,-29.989816395068374,-27.872070357070807,0,0,0,0,P2405
2024-01-02 22:10:00,2024-01-03 09:00:00,-1,7048.0,7015.714285714285,32.285714285714675,2S,43.13725490196078,51.003929389470635,0.7512997465874128,0.14174094442223606,7048.4,7059.0,7072.533333333334,-0.3679592414378763,-0.6491673722833768,0.12720065098989772,0.0,-14.36066193833176,-14.011574493808691,0,1,0,0,P2405
2024-01-03 09:35:00,2024-01-03 09:45:00,-1,7000.0,7019.0,-19.0,2S,34.920634920634924,50.25846902579815,1.0541652003948747,0.251160901393904,7002.0,7014.4,7059.4,0.08583690987125081,-0.8784358175120466,0.1669145445334385,1.0,-25.470570252046855,-19.979497961168015,0,1,1,0,P2405
2024-01-03 14:30:00,2024-01-03 21:00:00,-1,6950.0,6976.0,-26.0,2S,58.33333333333333,51.02333702813662,0.57201892334575,0.4974839252268037,6954.4,6948.1,6993.566666666667,0.08643042350906516,-0.17241379310344307,0.14261425001562408,1.0,-31.623961843783036,-29.910234561596862,0,0,1,0,P2405
2024-01-04 21:35:00,2024-01-04 22:05:00,1,7004.0,6987.0,-17.0,2B,52.777777777777786,26.02148938239699,0.4669879098820276,0.6469384534208213,6998.4,6995.2,6986.433333333333,0.14306151645206988,0.34403669724769603,0.12177135652771195,2.0,2.648143245929532,-0.18510451970866715,1,0,0,1,P2405
2024-01-10 21:30:00,2024-01-11 09:00:00,1,7204.0,7212.0,8.0,3B,30.434782608695656,32.57841875402075,0.8438529757175015,0.335866958925053,7202.4,7220.0,7172.3,-0.19379844961240345,-0.055447740504577236,0.15209852208497723,1.0,33.95709792368143,35.48643761774079,0,0,0,1,P2405
2024-01-11 14:40:00,2024-01-11 14:55:00,1,7268.0,7255.0,-13.0,3B,37.93103448275862,48.30276945628611,0.8260798437826428,0.5349967256057303,7264.4,7263.9,7239.866666666667,-0.027517886626304833,0.5257332595462128,0.12024285919399519,2.0,21.477757469059725,20.077970042834185,1,0,0,1,P2405
2024-01-17 22:10:00,2024-01-17 22:15:00,-1,7276.0,7297.0,-21.0,2S,52.08333333333334,26.846533270373893,0.5053790046150496,0.28556862781934167,7283.6,7289.9,7322.866666666667,-0.10973936899862924,-0.4102844638949721,0.15768860500753154,4.0,-18.499870920556532,-13.735193955513218,0,1,1,0,P2405
2024-01-18 21:55:00,2024-01-18 22:30:00,1,7424.0,7413.0,-11.0,3B,56.60377358490566,52.593619254898684,1.1166443689987782,0.5808935840637035,7423.6,7417.3,7383.366666666667,-0.2686727565824776,0.5417118093174356,0.13873110145514161,1.0,22.300246999026967,15.905376648655759,1,0,0,1,P2405
2024-01-22 22:15:00,2024-01-22 22:35:00,-1,7446.0,7465.0,-19.0,2S,48.78048780487806,24.68324878810763,0.5464860109482601,0.24484233521684648,7452.0,7458.4,7475.466666666666,-0.26780931976432276,-0.3211991434689532,0.128079923599965,5.0,-9.249885772207563,-5.592757899735553,0,1,1,0,P2405
2024-01-25 14:05:00,2024-01-25 14:20:00,1,7552.0,7539.0,-13.0,2B,46.875,44.92893199724998,0.5685832603035871,0.6328454608726868,7548.0,7546.3,7532.6,0.052994170641218474,0.34546904065904105,0.1121088365879479,1.0,13.96560078532002,11.896004096600315,1,0,0,1,P2405
2024-01-26 11:10:00,2024-01-26 13:30:00,-1,7496.0,7507.0,-11.0,2S,72.97297297297297,27.080515154066518,0.7994156576388618,0.7443125458712924,7496.8,7475.4,7505.9,0.37523452157599557,0.08017103153394878,0.12201877284269527,1.0,-14.175722126564324,-10.293238798286389,0,0,1,1,P2405
2024-02-02 13:35:00,2024-02-02 14:30:00,-1,7060.0,7040.0,20.0,2S,50.0,18.84037441846834,0.5058933463304335,0.27074269346030483,7066.0,7070.2,7096.5,-0.31055900621117516,-0.3386960203217604,0.13589446174824402,2.0,-12.309704438110202,-9.983476970398856,0,1,0,0,P2405
2024-02-07 09:00:00,2024-02-07 09:10:00,1,7150.0,7135.0,-15.0,2B,53.33333333333333,26.90468829534628,0.26572291663504116,0.5579547590233339,7145.2,7142.9,7127.633333333333,-0.05595970900951208,-0.05595970900951208,0.08352779353425745,1.0,14.2184351807864,13.30350519108905,1,0,0,0,P2405
2024-02-20 09:40:00,2024-02-20 10:55:00,1,7326.0,7311.0,-15.0,3B,50.0,35.51775456894672,0.579876038449131,0.43893556899176567,7328.4,7342.6,7298.4,-0.05446623093682268,-0.27173913043477826,0.11147218179522388,1.0,37.611576512716056,36.70758419176631,0,0,0,1,P2405
2024-02-27 22:05:00,2024-02-28 09:00:00,1,7398.0,7390.0,-8.0,3B,72.5,44.297923178355965,0.9707522899206601,0.6729996005439867,7394.0,7383.6,7363.833333333333,0.027048958615094598,0.5984766050054491,0.10947618707319211,2.0,17.337428585969064,14.516179952963032,1,0,1,1,P2405
2024-03-01 13:35:00,2024-03-01 14:35:00,1,7546.0,7550.571428571428,4.5714285714284415,3B,68.88888888888889,76.06713254993089,0.6746799464859394,0.8384341724577208,7542.0,7532.8,7506.866666666667,0.026497085320609237,0.5326231691078487,0.10551360201289459,1.0,19.761056107849072,17.25505538927458,1,0,1,1,P2405
2024-03-04 14:05:00,2024-03-04 14:35:00,-1,7490.0,7513.0,-23.0,2S,47.368421052631575,19.927137582988856,0.3009681080164442,0.30503188434317186,7498.8,7498.4,7517.366666666667,-0.13326226012793096,-0.2927088877062278,0.11267620144627932,1.0,-6.396335291859941,-3.0639834239152997,0,0,1,1,P2405
2024-03-05 09:00:00,2024-03-05 09:30:00,-1,7466.0,7489.0,-23.0,2S,57.14285714285714,37.74983502262604,0.36466677160135663,0.3422382417013819,7479.2,7474.3,7491.866666666667,-0.053518865400048465,0.0,0.06114264073067329,1.0,-10.54387899392077,-9.666470946382457,0,0,1,1,P2405
2024-03-06 14:55:00,2024-03-06 15:00:00,1,7660.0,7660.285714285715,0.2857142857146755,3B,65.71428571428572,46.19557288319148,0.5120379024097881,0.938482447017522,7662.0,7660.8,7619.166666666667,0.05212405525150121,0.3660130718954324,0.0913485120881102,3.0,32.56124910372637,30.054932763760938,1,0,1,1,P2405
2024-03-12 14:30:00,2024-03-12 21:00:00,1,7838.0,7820.0,-18.0,2B,62.50000000000001,38.63964478598256,0.9154626024759386,0.7736304466152139,7834.8,7824.4,7813.8,0.12764871074801842,0.4610655737705027,0.16029874546811876,2.0,10.486020496775382,9.055482835505273,1,0,0,1,P2405
2024-03-14 09:00:00,2024-03-14 11:30:00,1,7960.0,8103.428571428572,143.42857142857156,3B,74.07407407407408,22.348904407845392,0.6856835537167977,1.021276215026767,7956.0,7945.6,7896.733333333334,0.4282115869017611,0.45351473922903285,0.15940855944663884,1.0,27.9497303943117,23.897358251188823,1,0,1,1,P2405
2024-03-14 13:40:00,2024-03-14 14:50:00,1,8102.0,8130.857142857143,28.857142857143117,3B,56.56565656565656,56.321222889961476,1.1820051602046988,0.48746513242940265,8096.8,8099.2,8003.9,-0.5159705159705208,0.7464543418760794,0.20903831873150247,1.0,58.96748143413697,49.705441732024084,0,0,1,1,P2405
2024-03-15 21:40:00,2024-03-15 21:50:00,-1,8106.0,8137.0,-31.0,2S,39.43661971830985,19.476184172498915,1.104373910968116,0.4118597525452129,8118.8,8115.9,8136.566666666667,0.2968827313211353,-0.24606299212598381,0.19963112374454575,4.0,-4.53264572331409,3.5521964968509443,0,0,1,1,P2405
2024-03-20 14:30:00,2024-03-20 21:05:00,1,8314.0,8345.142857142857,31.142857142856883,3B,75.47169811320754,65.72404771884123,1.8002290762558892,0.7382039330935553,8307.6,8278.5,8207.233333333334,0.14454348349794977,1.3408093612871763,0.14165437786239182,1.0,35.7773099957667,21.74743624870014,1,0,1,1,P2405
2024-03-20 21:40:00,2024-03-21 09:05:00,1,8368.0,8414.285714285714,46.285714285713766,3B,69.84126984126983,47.468159353957404,1.1320424888326548,0.8484254282894965,8362.4,8341.1,8253.666666666666,0.09562514941430234,0.964552688690623,0.12862878715043669,3.0,48.75228912868806,38.14005381720742,1,0,1,1,P2405
2024-03-22 11:20:00,2024-03-22 21:00:00,-1,8314.0,8282.57142857143,31.42857142857065,2S,49.00000000000001,46.51538443433598,1.2164095782700701,0.6059383530830259,8315.2,8303.3,8330.7,0.6537530266343738,-0.5978000956480156,0.23070417395518983,1.0,-12.138222219689851,-3.598722755831862,0,0,0,0,P2405
2024-03-29 13:45:00,2024-03-29 21:10:00,1,8154.0,8202.857142857143,48.85714285714312,3B,54.385964912280706,46.67274095654578,0.6251759939963715,0.4274687371576183,8154.4,8159.7,8094.633333333333,-0.17135862913096878,0.2951303492375823,0.1877218299758466,3.0,19.00167482009965,8.748038700615483,0,0,1,1,P2405
2024-04-12 14:00:00,2024-04-12 14:30:00,-1,8174.0,8197.0,-23.0,2S,45.070422535211264,6.038086868883139,0.9736366436102539,0.35713107222953383,8181.6,8195.4,8217.533333333333,-0.4621746533690074,-0.04885197850512668,0.17560828526081015,2.0,-9.420167156369644,-7.106814129419158,0,1,0,0,P2405
2025-02-05 11:15:00,2025-02-05 21:05:00,1,8538.0,8568.0,30.0,3B,38.63636363636363,56.62142824807721,1.6138735657685759,0.35601674716993,8521.6,8563.9,8493.9,-0.6280530355896707,-0.3731343283582045,0.19943975187806864,1.0,47.699094922219956,47.94784387103448,0,0,1,1,P2505
2025-02-06 22:10:00,2025-02-06 22:35:00,1,8736.0,8717.0,-19.0,3B,84.61538461538461,26.54429290870616,0.6920848712903012,0.914299085988464,8730.8,8719.0,8671.366666666667,0.20628008251202257,0.22925263640531934,0.10353416346206076,0.0,44.24816204483068,42.54919025443021,1,0,0,1,P2505
2025-02-11 10:55:00,2025-02-11 11:05:00,1,9084.0,9053.0,-31.0,3B,50.70422535211267,57.79583686858228,0.8318830682038616,0.44049376710224497,9076.0,9090.5,9021.733333333334,-0.19771528998242527,0.5533421868083144,0.17429150525361034,1.0,53.938264490063375,46.5697910126204,0,0,0,1,P2505
2025-02-13 21:10:00,2025-02-13 21:50:00,-1,8914.0,8957.0,-43.0,2S,38.59649122807018,51.599194512986514,0.42460621062532866,0.12592837375100913,8935.6,8940.2,9032.166666666666,-0.22356360384528928,-0.33497096918266855,0.15008918838701032,1.0,-47.77148309724362,-34.6889824631901,0,1,1,0,P2505
2025-02-14 11:00:00,2025-02-14 14:25:00,1,9018.0,9048.857142857143,30.857142857143117,2B,42.98245614035088,53.916113657523525,1.5496508029764744,0.255541358296119,9002.0,9054.3,8986.333333333334,-0.7263922518159771,-0.26536930561698036,0.23530227517406413,1.0,0.7006828096273239,-11.707075619567066,0,0,0,1,P2505
2025-02-19 22:00:00,2025-02-19 22:55:00,1,9234.0,9221.0,-13.0,3B,61.36363636363637,43.371669507856936,1.2416946240890918,0.6056925457954141,9230.8,9219.9,9184.633333333333,-0.30237580993520696,0.5007620291748394,0.22376484462029025,2.0,39.28558878487274,36.15439546508105,1,0,1,1,P2505
2025-02-20 14:45:00,2025-02-20 21:05:00,1,9344.0,9347.42857142857,3.428571428570649,3B,54.285714285714285,25.396795428279194,0.2980561525807752,0.6220992709612265,9341.6,9342.6,9280.966666666667,-0.042780748663107104,0.15002143163309611,0.07612767154467144,1.0,46.74366710907634,43.508733565353474,0,0,1,1,P2505
2025-02-24 23:00:00,2025-02-25 09:50:00,-1,9160.0,9185.0,-25.0,2S,62.96296296296296,42.02673153528114,0.38443485086746254,0.5625033984878791,9164.4,9155.8,9196.933333333332,0.0655594405594373,-0.10907504363001364,0.10037479693689276,1.0,-38.912307270806195,-38.022006910743386,0,0,1,0,P2505
2025-03-03 13:55:00,2025-03-03 21:30:00,-1,9040.0,9069.0,-29.0,2S,32.203389830508485,31.234360678880872,1.1768794168355827,0.3368368883764047,9051.6,9061.4,9091.033333333333,0.15503875968991832,-0.26466696074106677,0.1627501695670077,3.0,-11.313094548208028,-4.53880485962756,0,1,1,0,P2505
2025-03-06 13:40:00,2025-03-06 21:10:00,1,8856.0,8940.285714285714,84.28571428571377,2B,53.03030303030303,34.36987932248589,0.5122921260480737,0.6256900940906909,8854.0,8852.3,8820.633333333333,0.24898143956542107,0.24898143956542107,0.1394902882602903,1.0,11.18628151385019,2.63929870068047,1,0,1,1,P2505
2025-03-07 22:20:00,2025-03-10 09:10:00,1,9156.0,9206.0,50.0,3B,33.33333333333333,55.619412897813405,1.3786560703678885,0.6269193466702213,9152.8,9144.0,9042.733333333334,0.021838829438736163,0.9922822491730932,0.18519881786927828,1.0,59.873860449908534,47.99955234151696,1,0,1,1,P2505
2025-03-10 10:00:00,2025-03-10 10:50:00,1,9228.0,9195.0,-33.0,3B,60.56338028169014,70.68081823504203,0.937191056923809,0.7341324977771669,9220.4,9205.8,9121.933333333332,0.08678672163158208,0.72052401746725,0.13364890560983952,2.0,66.79846105890647,62.33105342940649,1,0,0,1,P2505
2025-03-12 10:50:00,2025-03-12 14:55:00,1,8998.0,9044.857142857143,46.85714285714312,2B,51.807228915662655,26.027884995639283,0.845340105107535,0.6000452267540684,8991.6,8986.4,8953.966666666667,-0.13324450366422047,0.6040268456375841,0.15847850678925643,2.0,2.5645398354590725,-8.052704370101576,1,0,1,1,P2505
2025-03-12 21:20:00,2025-03-12 22:00:00,1,9044.0,9011.0,-33.0,2B,42.30769230769231,40.23454065502464,0.6391524687744248,0.2633022826328462,9038.8,9055.7,9009.066666666668,-0.1325381047051044,-0.2647253474520217,0.17490354089697668,1.0,23.93086506432701,16.71800893284264,0,0,0,1,P2505
2025-03-17 22:40:00,2025-03-18 09:05:00,-1,8974.0,9002.0,-28.0,2S,65.95744680851064,47.43672822591782,0.5527861554702517,0.790553409191095,8980.0,8965.6,9033.666666666666,0.1338090990187224,-0.08900756564308443,0.1519938546736793,1.0,-36.042110762511584,-26.505224315856452,0,0,1,0,P2505
2025-03-18 14:30:00,2025-03-18 14:35:00,-1,8968.0,9001.0,-33.0,2S,52.272727272727266,53.1286915722273,0.8682004874909952,0.7542962055781757,8974.8,8968.2,8979.933333333332,0.4245810055865995,-0.11113580795731881,0.17391584299402715,1.0,-19.190131215769725,-20.154971461773158,0,0,1,1,P2505
2025-03-25 21:40:00,2025-03-25 21:45:00,-1,8832.0,8843.0,-11.0,2S,54.285714285714285,23.506657197631593,0.40969426182271057,0.8375535982143476,8833.2,8821.8,8919.3,0.18144704014515511,0.13602357742008575,0.09951610076382801,1.0,-49.89683083646014,-37.30671164868022,0,0,1,0,P2505
2025-03-26 22:10:00,2025-03-26 22:50:00,1,8876.0,8861.0,-15.0,2B,60.0,59.39859840736226,0.6899674301227694,0.6947053084287764,8872.0,8858.1,8845.566666666668,0.0,0.33936651583710287,0.12711627066030948,1.0,-4.748755821477971,-12.349086929877211,1,0,1,1,P2505
2025-03-27 13:45:00,2025-03-27 13:50:00,1,8898.0,8879.0,-19.0,2B,55.35714285714286,64.49217409301443,0.47855767125234855,0.6741225939708858,8889.6,8880.6,8864.166666666666,-0.022497187851522327,0.3613369467027949,0.11093631235107572,1.0,6.633554317748349,1.9085685490244948,1,0,0,1,P2505
2025-04-01 21:10:00,2025-04-02 09:40:00,1,9158.0,9302.285714285714,144.28571428571377,3B,45.45454545454546,30.783320263448253,0.5157857290839787,0.3815179440404225,9150.4,9163.6,9129.666666666666,-0.21791239921551409,0.1531058617672887,0.12746848797615937,1.0,22.004710701325166,18.699910012364146,0,0,1,1,P2505
2025-04-07 11:15:00,2025-04-07 11:20:00,-1,8832.0,8847.0,-15.0,2S,73.68421052631578,48.77407879305945,1.1568326064750671,0.812011665269921,8837.6,8810.2,9042.9,0.5001136621959557,0.11322463768115298,0.17143648176639145,1.0,-110.46425115140664,-80.37715726636043,0,0,1,0,P2505
2025-04-09 10:15:00,2025-04-09 11:30:00,-1,8648.0,8569.142857142857,78.85714285714312,2S,58.82352941176471,63.678126184045425,2.027347699289312,0.5022805275379162,8649.2,8651.6,8712.266666666666,0.7217694994179347,-0.8707607699358411,0.3225588843316345,2.0,-37.951104703612145,-31.56847566306013,0,1,0,0,P2505
2025-04-09 14:10:00,2025-04-09 14:20:00,-1,8556.0,8575.0,-19.0,2S,34.58646616541354,41.07055393670034,1.8419771463638064,0.32779712077234807,8555.2,8575.2,8654.866666666667,0.2815579540121904,-1.2020342117429528,0.29660101768659775,2.0,-52.65684113464522,-41.92797200483536,0,1,1,0,P2505
2025-04-11 14:20:00,2025-04-11 21:05:00,-1,8766.0,8794.0,-28.0,2S,50.0,30.784721922047016,0.6310232695103246,0.5886525477104548,8768.8,8759.1,8765.5,0.22872827081428238,-0.15948963317384823,0.1284202320840975,1.0,11.890142454763918,18.628712757827543,0,0,1,1,P2505
2025-04-17 10:15:00,2025-04-17 21:05:00,1,8674.0,8694.0,20.0,2B,47.916666666666664,28.662049198275753,0.4190001871452927,0.5661147914183537,8671.2,8663.6,8647.8,0.04617871161394227,0.16181229773462036,0.09756901391790164,5.0,-5.176746438768532,-11.052814463498722,1,0,1,1,P2505
2025-04-21 22:25:00,2025-04-22 09:05:00,-1,8474.0,8462.857142857143,11.142857142856883,2S,32.55813953488372,77.98850731942552,1.087943912058212,0.2618743442179495,8475.6,8492.0,8531.066666666668,-0.14147606696534032,-0.8661048689138529,0.12151805200950022,2.0,-26.59702898508658,-21.43001892290015,0,1,1,0,P2505
2025-04-24 22:05:00,2025-04-25 09:20:00,1,8612.0,8691.142857142857,79.14285714285688,3B,58.66666666666666,49.342171601667474,0.9457593300169749,0.5331909004221841,8605.6,8601.3,8578.933333333332,-0.09289363678588458,0.37330844610359293,0.15980715728820874,3.0,11.33375470075589,6.841368406361436,1,0,1,1,P2505
2025-04-25 14:10:00,2025-04-25 14:20:00,1,8752.0,8739.0,-13.0,3B,31.707317073170742,37.05315814950366,0.7363643370902027,0.25367535512593936,8749.2,8765.9,8690.766666666666,-0.36438168982008134,0.0,0.10483513263804096,1.0,52.0934314039514,44.092239401757126,0,0,0,1,P2505
2025-04-28 22:10:00,2025-04-28 22:20:00,-1,8566.0,8573.0,-7.0,2S,51.35135135135135,11.831659177040281,0.2822401300769828,0.35532534637349106,8566.8,8571.5,8614.5,0.0,0.04670714619336991,0.0911811985237506,1.0,-31.008821927782265,-25.55431100704528,0,1,1,0,P2505
2025-03-05 21:50:00,2025-03-05 22:10:00,1,8282.0,8269.0,-13.0,2B,56.52173913043478,37.11061549943329,0.6149545748205583,0.4018863056608028,8279.6,8287.0,8274.433333333332,-0.07239382239382364,0.07249879168680362,0.115960004323729,3.0,-3.0937715921718336,-9.686822907145237,0,0,0,0,P2509
2025-03-06 13:40:00,2025-03-06 13:45:00,1,8306.0,8291.0,-15.0,2B,43.85964912280702,26.13314503161149,0.5458719313387004,0.27939167561726347,8300.4,8304.0,8285.166666666666,0.0,0.16908212560386993,0.12251294729975602,1.0,6.542271859501852,0.3629343727274801,0,0,0,1,P2509
2025-03-07 09:20:00,2025-03-07 10:05:00,1,8388.0,8361.0,-27.0,3B,50.0,36.52816003082333,0.35369115563829195,0.4865147122308859,8381.2,8386.4,8349.733333333334,0.0,0.11938872970391756,0.11285785041537967,6.0,26.697555462544187,22.757667744828765,0,0,0,1,P2509
2025-03-12 10:50:00,2025-03-12 14:55:00,1,8372.0,8407.714285714286,35.714285714286234,2B,53.03030303030303,23.256613595472555,0.6950620339540142,0.6600356511996927,8365.6,8360.7,8342.166666666666,-0.04776689754000252,0.4801920768307433,0.13620311296850376,2.0,-2.0692142213865736,-9.132753785293108,1,0,1,1,P2509
2025-03-17 22:00:00,2025-03-17 22:30:00,-1,8326.0,8339.0,-13.0,2S,40.38461538461538,71.63541463337087,1.1664129445983167,0.40534933023545683,8327.2,8333.2,8412.2,0.07213272421255912,-0.5495818399044228,0.13356011862979264,1.0,-35.23642090676731,-21.530655004343892,0,1,1,0,P2509
2025-03-21 09:10:00,2025-03-21 09:25:00,1,8378.0,8367.0,-11.0,2B,58.33333333333334,16.848120018180023,0.608625842277421,0.7570662147810732,8379.6,8372.9,8362.766666666666,0.07159904534606021,0.2870126763932168,0.09471024676565394,3.0,14.729371133578752,13.164501123486016,1,0,0,1,P2509
2025-03-24 22:00:00,2025-03-24 22:20:00,-1,8242.0,8255.0,-13.0,2S,35.41666666666667,36.750656087395704,0.7833879603783133,0.31900543297892253,8244.0,8251.7,8266.266666666666,0.024277737314881698,-0.2662793512466677,0.13371202413823913,2.0,-16.618827859821977,-16.230086807313047,0,1,1,0,P2509
2025-03-27 22:40:00,2025-03-28 09:55:00,1,8370.0,8432.0,62.0,3B,43.75,51.89206995100734,0.3373273400461308,0.4610640171339341,8368.4,8375.1,8294.0,0.0,1.4046984742068336,0.34141049589676975,2.0,40.5561570758382,28.912820974368273,0,0,1,1,P2509
2025-04-02 10:00:00,2025-04-02 10:40:00,1,8646.0,8615.0,-31.0,3B,59.78260869565217,65.5686989558769,1.6019191855319228,0.5686824547449526,8640.4,8634.5,8559.766666666666,-0.36883356385430943,0.8634772462077,0.2285856505307508,1.0,41.57782123798643,29.895723031734505,1,0,1,1,P2509
2025-04-03 14:25:00,2025-04-03 14:35:00,-1,8562.0,8583.0,-21.0,2S,57.77777777777777,42.34526024930957,0.8200069749275668,0.5912245974680822,8570.4,8555.6,8603.733333333334,0.32809936723694477,-0.32596041909196405,0.13161015830424264,1.0,-17.727983494405635,-7.563532066130173,0,0,1,0,P2509
2025-04-10 13:50:00,2025-04-10 21:05:00,1,8178.0,8152.0,-26.0,3B,40.27777777777777,20.794837519256145,0.7094739834506594,0.29686801750504077,8173.6,8187.8,8088.366666666667,-0.0733317037399206,-0.09775171065493637,0.15671090981497432,1.0,42.2418735235824,23.80314650835544,0,0,0,1,P2509
2025-04-15 14:10:00,2025-04-15 14:50:00,-1,8118.0,8133.0,-15.0,2S,62.06896551724138,37.256880879712774,0.8495184359836588,0.7731042652820804,8123.2,8103.2,8136.633333333333,0.494926998267764,0.4203758654797163,0.14216007656458776,1.0,-21.81452920112133,-18.11478745669554,0,0,1,0,P2509
2025-04-17 09:10:00,2025-04-17 21:05:00,1,8124.0,8162.0,38.0,2B,59.57446808510638,30.484835106113756,0.4457060905886225,1.0949073986111089,8111.2,8108.5,8097.566666666667,0.1971900419028838,0.3208292201382079,0.1258972579737963,2.0,-5.3918933474960795,-9.198609678115663,1,0,1,1,P2509
2025-04-18 21:10:00,2025-04-18 23:00:00,-1,8106.0,8149.0,-43.0,2S,31.25,14.237457670955209,0.7924505319765548,-0.19615904028420664,8122.8,8138.9,8157.0,-0.7845060063741083,-0.6383501104836764,0.13814327901189943,2.0,-4.276219023558042,0.20843949271159112,0,1,1,0,P2509
2025-04-21 22:25:00,2025-04-22 09:05:00,-1,8000.0,7996.0,4.0,2S,37.037037037037045,43.8375667962082,1.2036361439571157,0.2636547182140343,7998.8,8014.8,8042.233333333334,-0.19980019980020414,-0.8190618019359608,0.1569586223583894,1.0,-28.244105184325235,-25.030226434666762,0,1,1,0,P2509
2025-04-24 22:05:00,2025-04-24 22:20:00,1,8256.0,8241.0,-15.0,3B,55.4054054054054,53.498839657947904,1.0404615727604787,0.4638815520146137,8250.8,8249.1,8226.433333333332,-0.19365770999757448,0.3163017031630133,0.19679942790270713,2.0,18.59642871224969,16.998019548303535,1,0,0,1,P2509
2025-04-25 13:55:00,2025-04-25 14:00:00,1,8402.0,8387.0,-15.0,3B,34.69387755102041,45.88115118932614,0.6800757998508498,0.059774116937804406,8397.6,8417.2,8334.8,-0.4743833017077814,-0.14278914802474674,0.11185873511730744,1.0,58.52842688836063,47.90958743602936,0,0,0,1,P2509
2025-05-06 13:50:00,2025-05-06 14:15:00,-1,8024.0,7997.714285714285,26.285714285714675,2S,71.875,38.33931700449965,1.4108696849358515,0.779835238452575,8019.2,7978.5,8058.733333333334,0.5775991963837157,0.7547169811320753,0.15219827746365536,1.0,-42.80276192445672,-33.650747026657925,0,0,1,0,P2509
2025-05-06 22:30:00,2025-05-07 09:05:00,-1,7928.0,7946.0,-18.0,2S,41.66666666666667,31.16115808192666,0.7114758204214037,0.3565804656443912,7931.6,7938.1,7963.466666666666,-0.02521432173474558,-0.45192066281697363,0.18139455636820825,1.0,-37.51581476940828,-36.646425367446966,0,1,1,0,P2509
2025-05-12 11:15:00,2025-05-12 11:20:00,1,7966.0,7949.0,-17.0,2B,61.40350877192982,17.349570619911116,0.8110159377875549,0.5418693516353967,7959.6,7951.3,7931.166666666667,-0.1757028112449821,-0.2007528230865696,0.16863737493170433,5.0,9.851196555780916,6.399280980056126,1,0,0,1,P2509
2025-05-14 14:50:00,2025-05-14 21:05:00,1,8182.0,8142.0,-40.0,3B,62.50000000000001,24.461785208423574,0.4620405518493475,0.6775916585146067,8168.4,8165.3,8109.366666666667,0.09799118079372171,-0.07336757153337814,0.11531800769244424,1.0,43.617084969323514,39.01759927846712,1,0,0,1,P2509
2025-05-16 10:10:00,2025-05-16 10:35:00,-1,7984.0,7997.0,-13.0,2S,42.857142857142854,55.323250530503934,0.5923186382529232,0.3478493526515641,7986.8,7989.2,8021.833333333333,-0.050087653393438014,-0.44898977301072174,0.16843656498709778,1.0,-28.386162504836648,-24.982797712923265,0,1,0,0,P2509
2025-05-21 13:55:00,2025-05-21 14:10:00,-1,8096.0,8105.0,-9.0,2S,42.59259259259259,35.28958254079507,1.1394235957219665,0.5130071642801901,8098.0,8096.8,8106.066666666667,0.49640109208239913,-0.4181013280865731,0.15710394501141037,2.0,4.926818427553371,11.25264700990353,0,0,1,0,P2509
2025-05-22 09:10:00,2025-05-23 21:25:00,-1,7998.0,7976.571428571428,21.42857142857156,2S,18.33333333333333,47.9084460824757,1.2578117061572625,-0.21207439787222374,8053.2,8072.3,8090.166666666667,-0.9410599306587386,-1.063566658421966,0.27316006129117676,2.0,-4.09387563551536,-1.244288690107208,0,1,0,0,P2509
2025-05-23 21:30:00,2025-05-26 09:25:00,-1,7976.0,8031.0,-55.0,2S,32.72727272727272,49.27007440606508,1.200769840786068,0.28360208199951586,7970.0,8004.8,8030.3,-0.3494757863205189,-0.5232992773486211,0.1273694496530948,1.0,-11.861826402528095,-5.927780132578261,0,1,1,0,P2509
2025-05-26 11:30:00,2025-05-26 14:50:00,-1,7968.0,7950.0,18.0,2S,21.15384615384616,47.08917966658962,1.2658160101352738,0.27366041332399965,7970.4,7992.9,7995.8,-0.07522567703108773,-0.549039181432498,0.12512857491315532,1.0,-9.474980452525415,-8.286656165887566,0,1,0,0,P2509
2025-05-27 22:30:00,2025-05-27 23:00:00,1,8046.0,8048.857142857143,2.857142857143117,3B,50.0,43.50560342222546,0.27294998669245607,0.390723558034118,8044.4,8046.4,8016.766666666666,-0.07453416149068026,0.14940239043825798,0.08465324123494808,1.0,15.784467839480385,11.873985634626885,0,0,1,1,P2509
2025-05-29 14:55:00,2025-05-29 21:05:00,1,8188.0,8154.0,-34.0,3B,55.17241379310345,58.40191180103022,0.3617704190692478,0.7904902889187756,8187.6,8183.4,8135.6,0.04885197850512668,0.24473813020069457,0.06614055050773902,3.0,31.445493203537808,26.358150861192733,1,0,0,1,P2509
2025-06-04 14:05:00,2025-06-04 14:20:00,-1,8110.0,8125.0,-15.0,2S,39.99999999999999,59.50613156011393,0.9171607411736153,0.36716324296613473,8114.4,8125.9,8168.033333333334,0.04930966469427478,-0.7581315725116111,0.13199655638060842,1.0,-10.459390762061048,1.3904345553852187,0,1,1,0,P2509
2025-06-05 10:40:00,2025-06-05 14:10:00,-1,8086.0,8113.0,-27.0,2S,40.90909090909091,38.376298567313995,0.6427923676681614,0.15411534580470823,8094.0,8096.0,8116.066666666667,0.024764735017335227,-0.4927322000492729,0.10235853801391956,1.0,-15.190716363807041,-12.70972301992814,0,1,1,0,P2509
2025-06-06 10:40:00,2025-06-06 11:00:00,1,8160.0,8147.0,-13.0,3B,55.55555555555556,51.58265114438988,0.3507430679280171,0.7761566164479321,8158.8,8156.1,8127.3,0.1226391954868733,0.22096734593666234,0.12012896811872091,1.0,10.855157428148232,4.842915323643611,1,0,0,0,P2509
2025-06-10 14:45:00,2025-06-10 22:35:00,-1,8122.0,8080.571428571428,41.42857142857156,2S,39.99999999999999,53.323184355081665,0.656341286326176,0.015093850999040538,8130.0,8137.9,8161.3,-0.27046963363658305,-0.6369426751592355,0.09802572114802723,2.0,-5.426015777256907,1.0801951587938743,0,1,0,0,P2509
2025-06-10 22:55:00,2025-06-11 10:45:00,-1,8080.0,8012.571428571428,67.42857142857156,2S,64.0,50.08932080449334,0.5236569469110542,0.6702761620301467,8083.2,8074.8,8127.5,0.1983635011157947,-0.17292490118576698,0.11786846405397425,1.0,-23.96372416701979,-16.351149424038397,0,0,0,0,P2509
2025-06-16 10:45:00,2025-06-16 13:50:00,1,8430.0,8403.0,-27.0,3B,61.53846153846153,38.3981054810912,0.5738578778208066,0.8990178871613304,8430.4,8428.7,8288.2,0.09478672985780978,0.3802281368821214,0.15380742987429583,1.0,88.25662454854319,74.76650070529463,1,0,0,1,P2509
2025-06-24 10:40:00,2025-06-24 15:00:00,-1,8348.0,8330.57142857143,17.42857142857065,2S,53.2258064516129,54.21699870652274,1.7847958261938517,0.5067012101079507,8356.0,8361.0,8434.533333333333,0.16770483948251869,-0.9945536348567319,0.31091758403264913,2.0,-42.46264745765802,-28.24777442056503,0,1,0,0,P2509
2025-06-26 22:15:00,2025-06-27 09:05:00,1,8368.0,8374.0,6.0,2B,45.23809523809524,38.172695758902655,0.3261695227062696,0.6832570456742962,8368.0,8365.0,8353.333333333334,0.0717360114777632,0.16754427955960605,0.10137237125956194,1.0,5.128654902347989,2.9919627078129807,1,0,1,1,P2509
2025-07-02 10:10:00,2025-07-03 09:10:00,1,8362.0,8498.57142857143,136.57142857142935,2B,64.40677966101694,34.61285284104354,0.616868681219079,0.7541167947852814,8360.0,8356.9,8334.5,0.023900573613766518,0.33565092304004285,0.14839784449736085,3.0,10.267259986405406,6.417029839822046,1,0,1,1,P2509
2025-07-04 22:20:00,2025-07-04 22:55:00,-1,8446.0,8461.0,-15.0,2S,55.55555555555556,29.206386711888264,0.563386125905483,0.3676374655287086,8450.0,8448.3,8459.8,0.0948541617263432,-0.25992438563327,0.11207853356922562,2.0,-8.192609671114042,-5.9570785406406745,0,0,1,1,P2509
2025-07-07 10:10:00,2025-07-07 10:45:00,-1,8448.0,8436.0,12.0,2S,34.920634920634924,6.7211351552131715,0.6179474518691257,0.4750898280693051,8447.2,8445.3,8449.666666666666,0.0711068973690443,0.0,0.18778032547807214,2.0,-8.357745195604366,-7.251254830307239,0,0,0,0,P2509
2025-07-07 22:30:00,2025-07-07 22:35:00,1,8498.0,8485.0,-13.0,3B,44.73684210526315,39.40549427357701,0.5475367651812587,0.5903308813234259,8495.2,8491.8,8466.866666666667,0.04710315591145431,0.449278789311891,0.11422885056176542,2.0,9.681318017772355,5.254743419332021,1,0,0,1,P2509
2025-07-08 21:50:00,2025-07-08 22:05:00,1,8644.0,8635.0,-9.0,3B,58.00000000000001,35.897616581917106,0.5696448529428279,0.5731416031030389,8642.8,8640.4,8570.3,0.0,0.3016941285681085,0.109008351802187,3.0,44.28439571492527,35.82199982027045,1,0,0,1,P2509
2025-07-10 14:35:00,2025-07-10 21:05:00,1,8642.0,8614.0,-28.0,2B,38.18181818181818,13.104861873790513,0.5871518864516839,0.4901421726830982,8640.8,8638.5,8624.9,0.23207240659086636,0.16233766233766378,0.14346685211427898,3.0,2.2740795964491554,0.5363292767750416,1,0,0,0,P2509
2025-07-11 14:00:00,2025-07-11 15:00:00,1,8690.0,8691.142857142857,1.142857142856883,3B,23.07692307692308,58.441214787458954,1.644704481873953,0.30008542706250435,8691.6,8728.7,8666.533333333333,-0.4348821240558465,-0.6168608636052064,0.1989578147315888,1.0,23.291243870862672,19.212314008007176,0,0,0,1,P2509
2025-07-14 22:25:00,2025-07-15 09:05:00,1,8786.0,8771.0,-15.0,3B,40.0,52.47953178503161,0.6913497046685109,0.6087132286147686,8781.6,8781.4,8731.266666666666,0.045537340619317135,0.3654636820465962,0.13274536454014899,1.0,26.09977335827716,18.92921198207523,1,0,0,1,P2509
2025-07-25 14:50:00,2025-07-25 21:05:00,-1,8936.0,8949.0,-13.0,2S,63.829787234042556,31.793202592915303,0.593864136301921,0.5735395869095115,8938.0,8930.1,8977.233333333334,0.13449899125757003,-0.06711409395973034,0.13613354835222813,1.0,-24.378670216565297,-17.334904338242225,0,0,0,0,P2509
2025-07-28 10:50:00,2025-07-28 14:00:00,-1,8920.0,8955.0,-35.0,2S,63.768115942028984,43.16024100096011,1.3462450973932507,0.771508977008859,8928.0,8891.5,8925.066666666668,0.49549549549550154,-0.13428827215756778,0.29256778867745087,1.0,-22.617487625542708,-20.934547099605087,0,0,1,1,P2509
2025-07-28 22:05:00,2025-07-28 22:50:00,1,8948.0,8937.0,-11.0,2B,61.70212765957447,40.28170688755563,0.4609616457995478,0.672155528506506,8947.2,8946.9,8922.966666666667,0.04469273743017421,0.3811659192825223,0.10433918713284282,2.0,0.03153909296634083,-5.938523373478183,1,0,0,1,P2509
2025-07-30 21:10:00,2025-07-30 22:05:00,-1,8946.0,8949.42857142857,-3.428571428570649,2S,37.09677419354839,29.91831347648817,0.627249796277152,-0.13835171417217237,8962.0,8965.9,8969.666666666666,-0.35706315554563384,-0.5567928730512262,0.1363447156121742,5.0,4.481761563311011,6.680289781603671,0,1,0,0,P2509
2025-07-31 09:10:00,2025-07-31 09:35:00,-1,8926.0,8910.0,16.0,2S,37.93103448275862,23.429274766845445,0.2939320068088652,0.4885709975365593,8931.6,8930.3,8952.333333333334,-0.0447727781508811,-0.0447727781508811,0.07866692493893362,1.0,-6.598200542732229,-2.341108886344942,0,0,0,0,P2509
2025-08-08 13:50:00,2025-08-08 14:15:00,1,9032.0,9013.0,-19.0,2B,57.4468085106383,37.53040862243237,0.6581577702592447,0.6532375625047341,9033.6,9022.9,9009.433333333332,0.06647462884998845,0.3109729009329154,0.1256284906388256,1.0,12.801772450409771,9.704696811206743,1,0,0,1,P2509
2025-08-14 21:35:00,2025-08-14 22:55:00,-1,9320.0,9314.857142857143,5.142857142856883,2S,61.22448979591836,23.74380413816781,0.5137837615984805,0.836661762882908,9323.2,9307.9,9366.133333333333,0.12886597938144284,0.2149613069647449,0.09530948369002185,1.0,-27.27314869053589,-18.653223222104465,0,0,1,0,P2509
2025-08-22 09:50:00,2025-08-22 10:05:00,1,9498.0,9487.0,-11.0,2B,48.275862068965516,55.799129648991325,0.5287219745680686,0.5637167878997363,9497.2,9498.8,9465.9,-0.2519420533277361,0.4227436060029621,0.1399108670576376,1.0,2.919290533518506,-4.830029361137711,0,0,0,1,P2509
2025-08-25 10:10:00,2025-08-25 10:50:00,1,9556.0,9560.285714285714,4.285714285713766,3B,71.73913043478261,62.51751517770771,1.2345872263725315,0.8423187499114849,9554.4,9535.7,9499.033333333333,0.3352891869237151,0.9487666034155628,0.2750359557044381,1.0,14.413092561460871,7.49302588980008,1,0,1,1,P2509
2025-08-26 10:35:00,2025-08-26 10:50:00,-1,9464.0,9460.57142857143,3.428571428570649,2S,64.86486486486487,37.77577512596269,0.5534597430911576,0.6834253521634034,9464.0,9456.4,9484.8,0.2541834357127737,-0.10552975939215337,0.09779166620753446,2.0,-14.47654822669756,-9.406194531320931,0,0,1,0,P2509
2025-08-28 22:55:00,2025-08-29 09:05:00,-1,9304.0,9315.0,-11.0,2S,43.47826086956522,34.35234726683933,0.22025550886728662,0.3634355838568497,9306.4,9308.8,9355.566666666668,-0.042964554242752584,-0.25723472668810476,0.06784340724365877,1.0,-31.308298662186644,-26.456466809058718,0,1,0,0,P2509
2025-07-02 10:10:00,2025-07-02 22:55:00,1,8378.0,8481.42857142857,103.42857142857065,2B,66.66666666666666,38.65859886365102,0.6098941211989198,0.774185427363731,8376.8,8372.0,8353.4,0.023854961832059374,0.3590234561991368,0.1352144361870326,3.0,12.679999981759465,10.436155211445621,1,0,1,1,P2601
2025-07-03 09:10:00,2025-07-03 09:35:00,1,8512.0,8479.0,-33.0,3B,60.416666666666664,34.66547819559102,0.4347880589724524,0.7547513607679454,8492.0,8486.6,8447.533333333333,0.07067137809186885,0.18867924528302993,0.1113466985109858,3.0,34.34005046785751,31.622024241701133,1,0,0,1,P2601
2025-07-04 22:20:00,2025-07-04 23:00:00,-1,8452.0,8467.0,-15.0,2S,60.0,33.889918396477576,0.4984044189863905,0.42641931901325336,8455.2,8453.1,8467.733333333334,0.11848341232227888,-0.21256495040151702,0.10554839386198288,2.0,-8.54496233113241,-5.682847124156186,0,0,1,1,P2601
2025-07-08 22:20:00,2025-07-08 22:25:00,1,8622.0,8611.0,-11.0,3B,37.83783783783784,18.574683453722372,0.5572618181878132,0.16530430556672765,8622.0,8632.1,8582.3,-0.1853568118628357,-0.16222479721900163,0.13770727182437556,1.0,38.97149090322455,35.77955593200466,0,0,0,1,P2601
2025-07-10 14:35:00,2025-07-10 21:05:00,1,8616.0,8594.0,-22.0,2B,40.74074074074074,11.651231868821398,0.5197010512130876,0.5022338117912589,8615.6,8613.9,8600.9,0.20939972080036284,0.13950244129272704,0.13371280639229693,3.0,1.4536158290866297,-0.7460604765982157,1,0,0,0,P2601
2025-07-11 09:30:00,2025-07-11 10:15:00,1,8620.0,8731.142857142857,111.14285714285688,2B,62.7906976744186,53.18736137436853,0.5191160669704824,0.9229018460697797,8618.4,8609.1,8606.733333333334,0.11603620329543318,0.5828864537188228,0.0919177277871788,1.0,-0.7606698660492839,-1.7464635876859123,1,0,1,1,P2601
2025-07-14 22:25:00,2025-07-15 09:05:00,1,8746.0,8735.0,-11.0,3B,38.46153846153846,47.295862807459386,0.6107135633395476,0.576761205059719,8743.2,8745.9,8700.233333333334,0.0,0.32102728731941976,0.11718883361583056,1.0,24.309491382418855,17.7881896278761,0,0,0,1,P2601
2025-07-18 11:00:00,2025-07-18 11:25:00,1,8888.0,8871.0,-17.0,3B,37.77777777777778,43.4595533378641,0.533106649299238,0.43881595679535956,8884.8,8890.9,8832.0,-0.17969451931716396,0.06755235307362994,0.10593048719825318,1.0,39.06146674872616,34.55847818672288,0,0,0,1,P2601
2025-07-24 21:55:00,2025-07-24 22:05:00,1,9016.0,8999.0,-17.0,2B,38.73873873873874,21.210062588595687,0.8988446809622905,0.3262446846467083,9014.0,9028.1,8999.7,0.11106175033317456,0.022192632046169614,0.2369937175814996,1.0,17.67684684138112,15.680485756831763,0,0,0,0,P2601
2025-07-25 14:50:00,2025-07-25 21:05:00,-1,8934.0,8945.0,-11.0,2S,71.7948717948718,31.834052726248867,0.6237730575333137,0.6544700013202812,8935.6,8925.4,8968.566666666668,0.20188425302827273,0.0,0.14562479687409605,1.0,-20.434121493781277,-13.071451206085872,0,0,0,0,P2601
2025-07-28 10:45:00,2025-07-28 14:00:00,-1,8908.0,8941.0,-33.0,2S,61.42857142857143,40.92673713037319,1.30590599693243,0.698269658095985,8914.4,8883.0,8915.6,0.38322813345357254,-0.08974646623288729,0.2721334023245354,1.0,-20.985800227697837,-19.65109747761226,0,0,1,1,P2601
2025-07-28 22:15:00,2025-07-28 22:50:00,1,8950.0,8927.0,-23.0,2B,51.21951219512195,37.04722637495747,0.4222052796677726,0.6669891714606925,8938.8,8935.7,8911.366666666667,0.0895455563017622,0.26911863646557066,0.0932490334874186,2.0,-0.23563657116756076,-5.347041874435923,1,0,0,1,P2601
2025-07-30 22:15:00,2025-07-31 09:35:00,-1,8962.0,8930.857142857143,31.142857142856883,2S,47.82608695652174,39.05944893987662,0.6157049713769869,0.5108719090977082,8963.6,8963.4,8978.866666666667,0.08932559178205235,-0.2448252837747633,0.09698080532211933,3.0,-0.7911556666822435,4.6042442319713865,0,0,0,0,P2601
2025-08-05 22:00:00,2025-08-05 22:15:00,1,9016.0,9007.0,-9.0,3B,48.57142857142856,26.486038135346117,0.43458297805085266,0.354649176857148,9014.0,9023.7,8956.5,-0.2654280026542777,0.0,0.09080665747506295,1.0,45.12280414057568,39.47067996116561,0,0,0,1,P2601
2025-08-19 22:35:00,2025-08-20 09:05:00,-1,9510.0,9507.714285714286,2.285714285713766,2S,36.666666666666664,68.97989359160289,1.4053341434698547,0.30284656481405037,9512.0,9528.4,9628.766666666666,0.06318449873630172,-1.3906185139061833,0.22209670704758713,1.0,-25.89859733430967,-3.1768574244993713,0,1,0,0,P2601
2025-08-25 10:10:00,2025-08-25 10:55:00,1,9652.0,9625.0,-27.0,3B,71.66666666666667,64.49126578266758,1.4926156960922417,0.8494693754730146,9647.6,9623.8,9580.066666666668,0.41519618019514315,1.1289985364833832,0.33257041503272966,1.0,18.431718612766417,10.74052864023845,1,0,0,1,P2601
2025-08-26 10:35:00,2025-08-26 10:40:00,-1,9540.0,9549.0,-9.0,2S,63.333333333333336,53.95599584036536,0.5498134858445457,0.6010581378619527,9541.2,9538.7,9573.4,0.16792611251048584,-0.2508361204013432,0.1021129744862783,1.0,-14.93925256937473,-7.3619681464932425,0,0,0,0,P2601
2025-08-29 14:30:00,2025-08-29 22:35:00,-1,9302.0,9263.714285714286,38.285714285713766,2S,52.54237288135593,43.12175886784373,1.1895356669145545,0.38815677909863294,9307.2,9320.4,9353.833333333334,-0.10731916720325696,-0.6616862326574213,0.1846067522450942,2.0,-33.876140719572504,-32.2013484569723,0,1,0,0,P2601
2025-09-01 14:20:00,2025-09-01 22:10:00,1,9350.0,9468.285714285714,118.28571428571377,2B,43.13725490196078,26.142483998173642,0.7581692511159922,0.5592489696749519,9344.8,9349.8,9315.566666666668,-0.14944491887275424,0.3432739755417247,0.11963045568828802,2.0,2.3229962434888876,-6.168367037387893,0,0,1,1,P2601
2025-09-03 22:10:00,2025-09-03 22:20:00,-1,9326.0,9339.0,-13.0,2S,31.25,43.908324204027394,1.1086170562666455,0.27794531978682163,9326.4,9343.0,9393.766666666666,0.04293688278231844,-0.7031749414020849,0.137154308686325,2.0,-21.510197709030763,-12.384493516838111,0,1,0,0,P2601
2025-09-10 21:50:00,2025-09-10 23:00:00,-1,9272.0,9293.0,-21.0,2S,40.50632911392405,54.95808866336576,0.963232643971263,0.37482761802122455,9276.4,9289.2,9313.9,0.36780614452618376,-0.5360205831903997,0.14521139729836813,2.0,-34.8136831229167,-33.05976401390509,0,1,1,0,P2601
2025-09-12 21:30:00,2025-09-12 21:55:00,-1,9320.0,9345.0,-25.0,2S,61.44578313253012,48.640323842586064,0.9669686144435171,0.7745665011291338,9331.2,9303.3,9348.3,0.38743004735255493,0.1718213058419238,0.18537183186915868,1.0,-7.874390504628536,0.15056974567544645,0,0,1,0,P2601
2025-09-15 22:30:00,2025-09-15 22:45:00,1,9466.0,9455.0,-11.0,3B,30.555555555555557,50.86827495993253,0.8963354206369515,0.42460525225223683,9463.6,9470.4,9414.066666666668,-0.18983336848765742,0.4457652303120341,0.13588083868545534,1.0,33.17334160466453,27.081858592160554,0,0,0,1,P2601
2025-09-24 22:05:00,2025-09-25 09:10:00,1,9170.0,9226.0,56.0,3B,64.15094339622641,45.8063522921829,1.8248674112745327,0.5651147015615563,9171.2,9173.1,9109.066666666668,-0.5630142919012537,0.635546789392949,0.26805910722085097,3.0,29.016547371791603,13.353549228971701,0,0,1,1,P2601
2025-09-26 10:15:00,2025-09-26 10:45:00,1,9296.0,9273.0,-23.0,2B,55.07246376811594,55.556461552750456,0.794311038173617,0.6030994382764933,9288.4,9280.4,9253.5,0.06464124111182912,0.4108108108108022,0.13185352339421694,2.0,25.637404647584844,24.546366746570225,1,0,0,1,P2601
2025-10-13 14:15:00,2025-10-13 14:20:00,-1,9338.0,9349.0,-11.0,2S,60.97560975609756,41.68223586617303,0.4262708697561318,0.7966281167796307,9340.8,9332.2,9376.9,0.19300879262278414,-0.14960461637102407,0.1116638286563931,1.0,-38.87635495624636,-36.57523345047619,0,0,1,0,P2601
2025-10-15 14:10:00,2025-10-15 14:40:00,-1,9310.0,9308.285714285714,1.714285714286234,2S,54.54545454545455,38.7703522380549,0.6024221487077299,0.4678709439996101,9309.6,9299.8,9323.466666666667,0.06457167455875545,-0.66239316239316,0.13950092945816203,2.0,-14.256921437165147,-11.766643754652264,0,0,1,0,P2601
2025-10-16 11:05:00,2025-10-16 11:20:00,1,9352.0,9321.0,-31.0,2B,45.45454545454546,25.773759073792466,0.458981831700895,0.4930081336384155,9341.6,9348.3,9329.166666666666,0.021399529210364143,0.0,0.11943240387411885,1.0,5.07054863779922,1.1135230796998943,0,0,0,0,P2601
2025-10-17 13:50:00,2025-10-17 14:05:00,-1,9312.0,9327.0,-15.0,2S,36.23188405797102,12.582582257498116,0.6358956842452477,0.3566467659957807,9314.8,9324.5,9337.533333333333,-0.15005359056805556,0.0214730513205863,0.14404640399125246,2.0,-3.9999157519887376,0.19090788796373437,0,1,0,0,P2601
2025-10-21 22:30:00,2025-10-22 10:40:00,-1,9276.0,9209.142857142857,66.85714285714312,2S,60.37735849056604,42.28017181452368,0.5598523002859742,0.6271251491568706,9280.0,9273.4,9324.366666666667,0.10787486515642097,-0.3008165019338205,0.13802134668560734,1.0,-15.621442856658177,-7.492747754099666,0,0,0,0,P2601
2025-10-22 10:55:00,2025-10-22 11:15:00,-1,9210.0,9225.0,-15.0,2S,49.18032786885246,67.84498126034741,0.8908888804924633,0.6157504174708862,9211.6,9212.5,9272.666666666666,0.23913043478260843,-0.517799352750814,0.1310134681098036,2.0,-34.28269861427361,-24.133458224342505,0,1,1,0,P2601
2025-10-27 22:45:00,2025-10-28 09:05:00,-1,9014.0,9030.0,-16.0,2S,40.38461538461538,65.55018582243316,0.7396822319226459,0.31585592634198695,9018.0,9030.3,9084.9,-0.08863283846665126,-0.3976143141153132,0.10971563349684697,1.0,-24.996827541192033,-16.086617143176728,0,1,0,0,P2601
2025-10-29 10:10:00,2025-10-29 14:35:00,-1,8830.0,8828.57142857143,1.428571428570649,2S,49.438202247191015,43.39836308711573,1.1282223473253081,0.5915224952926051,8834.0,8812.9,8891.7,0.5012531328320913,-0.24875621890547706,0.18647758616817262,2.0,-61.03188065281938,-54.094484004425524,0,0,1,0,P2601
2025-10-31 14:30:00,2025-10-31 21:10:00,-1,8778.0,8748.0,30.0,2S,49.397590361445786,43.93997196851444,0.7743411311577252,0.47204048674696386,8781.2,8775.9,8802.533333333333,0.18269011189768758,-0.1593081474738245,0.19697776553845817,1.0,-14.07566360810597,-10.961860818221915,0,0,0,0,P2601
2025-11-05 21:50:00,2025-11-05 22:20:00,-1,8614.0,8633.0,-19.0,2S,49.25373134328358,37.147220936785416,0.7074118062359045,0.6051788523302467,8617.6,8601.6,8618.4,0.2095459837019753,-0.09285051067781103,0.1397481957899622,1.0,-11.275728875982168,-9.980641728507853,0,0,1,1,P2601
